location,state,year,lat,long,fund_source,fund_type,Length (ft),volume,Actual Cost,2013 CF$,cost_2013,$/CY,CY/Foot
Absecon Island: Longport,NJ,1990,39.312536,-74.523118,Federal,Navigation,0.00,250000.00,949000.00,0.56,1691622.10,3.80,#DIV/0!
Avalon,NJ,1990,39.100226,-74.71055,Local,Unknown,2500.00,404000.00,600000.00,0.56,1069518.72,1.49,161.60
Brevard County: Sebastian Inlet (South Beaches),FL,1990,27.859054,-80.446873,State,Unknown,0.00,235000.00,735450.00,0.56,1310962.57,3.13,#DIV/0!
Debidue,SC,1990,33.361942,-79.151065,Private,Unknown,10032.00,200000.00,1000000.00,0.56,1782531.19,5.00,19.94
Duval County: Kathryn Abbey Hanna Park,FL,1990,30.369913,-81.397405,Federal,Navigation,0.00,422000.00,1788136.00,0.56,3187408.20,4.24,#DIV/0!
Escambia County: Perdido Key,FL,1990,30.290515,-87.466578,Federal,Navigation,24544.00,5362597.00,12497578.00,0.56,22277322.64,2.33,218.49
Folly Beach Spit,SC,1990,32.6504324,-79.96338,Federal,Navigation,1500.00,200000.00,500000.00,0.56,891265.60,2.50,133.33
Folly Beach Spit,SC,1990,32.6504324,-79.96338,Federal,Navigation,1500.00,40000.00,100000.00,0.56,178253.12,2.50,26.67
Garden City Beach,SC,1990,33.581876,-78.993073,Federal,Emergency,13200.00,163295.00,1640000.00,0.56,2923351.16,10.04,12.37
Gilgo Beach,NY,1990,40.617373,-73.397169,Federal,Navigation,14000.00,797000.00,4882000.00,0.56,8702317.29,6.13,56.93
Hempstead Beach,NY,1990,40.831541,-73.657837,Federal,Navigation,3000.00,353000.00,2403000.00,0.56,4283422.46,6.81,117.67
Hilton Head,SC,1990,32.236644,-80.677092,Local,Unknown,34848.00,2338000.00,9700000.00,0.56,17290552.58,4.15,67.09
Jones Beach,NY,1990,40.592448,-73.51244,Federal,Navigation,1000.00,388000.00,1644068.00,0.56,2930602.50,4.24,388.00
Long Beach Island: Harvey Cedars,NJ,1990,39.705998,-74.132245,Unknown,Unknown,0.00,27300.00,34957.00,0.56,62311.94,1.28,#DIV/0!
Miami-Dade County: Bal Harbour,FL,1990,25.893705,-80.121381,Federal,Shore Protection,4488.00,230000.00,4600000.00,0.56,8199643.49,20.00,51.25
Miami-Dade County: Sunny Isles,FL,1990,25.943072,-80.119085,Unknown,Unknown,0.00,30000.00,127119.00,0.56,226593.58,4.24,#DIV/0!
Myrtle Beach,SC,1990,33.687161,-78.883097,Federal,Emergency,44880.00,380000.00,2600000.00,0.56,4634581.11,6.84,8.47
Nassau County: Fernandina Beach,FL,1990,30.669182,-81.465576,Federal,Navigation,0.00,147693.00,625818.00,0.56,1115540.11,4.24,#DIV/0!
North Indian River Inlet,DE,1990,38.606274,-75.061169,Federal,Section 111,3500.00,175000.00,2500000.00,0.56,4456327.99,14.29,50.00
North Myrtle Beach,SC,1990,33.814998,-78.679404,Federal,Emergency,42360.00,377200.00,1950000.00,0.56,3475935.83,5.17,8.90
Palm Beach County: Lake Worth Inlet (South Beach),FL,1990,26.61416,-80.036538,Federal,Navigation,0.00,75351.00,319284.00,0.56,569133.69,4.24,#DIV/0!
Pinellas County: Sand Key/Indian Rocks Beach (Phase II),FL,1990,27.892752,-82.85077,Federal,Shore Protection,13728.00,1300000.00,14500000.00,0.56,25846702.32,11.15,94.70
Sandy Hook,NJ,1990,40.455046,-73.989172,Federal,Shore Protection,0.00,3302273.00,1350000.00,0.56,2406417.11,0.41,#DIV/0!
Sea Island,GA,1990,31.179708,-81.346555,Local,Unknown,10560.00,2000000.00,6000000.00,0.56,10695187.17,3.00,189.39
Seabrook Island,SC,1990,32.559912,-80.170637,Local,Unknown,5808.00,685000.00,1660000.00,0.56,2959001.78,2.42,117.94
St. Lucie County: Ft. Pierce Beach,FL,1990,27.441207,-80.32097,Federal,Navigation,6864.00,55700.00,236017.00,0.56,420707.66,4.24,8.11
Surfside Beach,SC,1990,33.605327,-78.970928,Federal,Emergency,5000.00,70544.00,581250.00,0.56,1036096.26,8.24,14.11
"Surfside/Sunset Beach, Orange County",CA,1990,33.718895,-118.075089,Federal,Shore Protection,0.00,1826000.00,6900000.00,0.56,12299465.24,3.78,#DIV/0!
West Onslow Beach,NC,1990,34.535400,-77.326648,Federal,Navigation,4000.00,101653.00,417984.00,0.56,745069.52,4.11,25.41
Barnegat Light,NJ,1991,39.764626,-74.105426,Federal,Navigation,0.00,75000.00,326087.00,0.59,557413.68,4.35,#DIV/0!
Broward County: Segment III/Hollywood/Hallandale,FL,1991,25.997048,-80.116382,Federal,Shore Protection,27456.00,1050000.00,9186444.00,0.59,15703323.08,8.75,38.24
Cape May Inlet to Lower Township,NJ,1991,38.941653,-74.883331,Federal,Shore Protection,8000.00,1365000.00,10526000.00,0.59,17993162.39,7.71,170.63
Carolina Beach,NC,1991,34.038772,-77.888904,Federal,Shore Protection,11600.00,1008736.00,2450286.00,0.59,4188523.08,2.43,86.96
Fenwick Island,DE,1991,38.462461,-75.049388,Federal,Shore Protection,1600.00,126800.00,443603.00,0.59,758295.73,3.50,79.25
Grand Isle,LA,1991,29.235874,-89.986632,Unknown,Emergency,0.00,1422000.00,10934000.00,0.59,18690598.29,7.69,#DIV/0!
Great South Beach,NY,1991,40.752751,-72.798758,Local,Unknown,0.00,3000.00,10435.00,0.59,17837.61,3.48,#DIV/0!
Hunting Island,SC,1991,32.362554,-80.441927,State,Unknown,7920.00,757644.00,2876250.00,0.59,4916666.67,3.80,95.66
Martin County: Jupiter Island,FL,1991,27.032179,-80.09943,Unknown,Unknown,0.00,414812.00,1803530.00,0.59,3082957.26,4.35,#DIV/0!
Miami-Dade County: Fisher Island,FL,1991,25.759904,-80.136144,Unknown,Unknown,2060.00,30263.00,131578.00,0.59,224919.66,4.35,14.69
North Indian River Inlet,DE,1991,38.606274,-75.061169,Federal,Section 111,3500.00,82330.00,299565.00,0.59,512076.92,3.64,23.52
Ocean City   ,MD,1991,38.38392,-75.06237,Federal,Shore Protection,43824.00,3800000.00,48000000.00,0.59,82051282.05,12.63,86.71
Palm Beach County: Lake Worth Inlet (South Beach),FL,1991,26.61416,-80.036538,Federal,Navigation,0.00,87335.00,379717.00,0.59,649088.89,4.35,#DIV/0!
Pinellas County: Long Key/Upham Beach,FL,1991,27.736415,-82.753655,Federal,Shore Protection,2112.00,230000.00,2200000.00,0.59,3760683.76,9.57,108.90
Wildwood,NJ,1991,38.978995,-74.817971,Federal,Navigation,0.00,100000.00,434783.00,0.59,743218.80,4.35,#DIV/0!
Wrightsville Beach,NC,1991,34.207242,-77.793460,Federal,Shore Protection,6864.00,1016684.00,2682412.00,0.59,4585319.66,2.64,148.12
Avalon,NJ,1992,39.100226,-74.71055,Local,Unknown,3000.00,410000.00,1188000.00,0.60,1973421.93,2.90,136.67
Bald Head Island,NC,1992,33.855876,-77.999067,Federal,Navigation,12300.00,800000.00,900000.00,0.60,1495016.61,1.13,65.04
Bethany/South Bethany Beach,DE,1992,38.516525,-75.052564,State,Unknown,4850.00,192749.00,905786.00,0.60,1504627.91,4.70,39.74
Bethany/South Bethany Beach,DE,1992,38.539808,-75.053873,State,Unknown,5138.00,219735.00,1037303.00,0.60,1723094.68,4.72,42.77
Camp Ellis,ME,1992,43.466719,-70.381937,Federal,Navigation,0.00,85935.00,767277.00,0.60,1274546.51,8.93,#DIV/0!
Cape May,NJ,1992,38.929502,-74.924212,State,Unknown,0.00,42000.00,187500.00,0.60,311461.79,4.46,#DIV/0!
Cape May,NJ,1992,38.929502,-74.924212,Unknown,Unknown,0.00,200000.00,261905.00,0.60,435058.14,1.31,#DIV/0!
Duval County: Jacksonville Beach,FL,1992,30.285688,-81.387652,Federal,Shore Protection,8800.00,370000.00,2070000.00,0.60,3438538.21,5.59,42.05
Fenwick Island,DE,1992,38.462461,-75.049388,Federal,Shore Protection,1600.00,37000.00,269234.00,0.60,447232.56,7.28,23.13
Fenwick Island,DE,1992,38.462461,-75.049388,State,Unknown,4150.00,144900.00,716916.00,0.60,1190890.37,4.95,34.92
Gilgo Beach,NY,1992,40.617373,-73.397169,Federal,Navigation,14000.00,1515000.00,10225000.00,0.60,16985049.83,6.75,108.21
Hatteras Island,NC,1992,35.19562,-75.728931,Federal,Navigation,181.00,18147.00,184840.00,0.60,307043.19,10.19,100.26
Long Beach Island: Harvey Cedars,NJ,1992,39.705998,-74.132245,Unknown,Unknown,0.00,110000.00,491071.00,0.60,815732.56,4.46,#DIV/0!
Ludlum Beach Island: Strathmere,NJ,1992,39.194613,-74.657435,State,Unknown,0.00,23000.00,102679.00,0.60,170563.12,4.46,#DIV/0!
Misquamicut Beach,ME,1992,41.322492,-71.804752,Local,Unknown,4800.00,25000.00,200893.00,0.60,333709.30,8.04,5.21
North Indian River Inlet,DE,1992,38.606274,-75.061169,Federal,Section 111,3500.00,67670.00,178571.00,0.60,296629.57,2.64,19.33
Ocean City,NJ,1992,39.264158,-74.589958,Federal,Shore Protection,13000.00,2618000.00,10952000.00,0.60,18192691.03,4.18,201.38
Ocean City   ,MD,1992,38.38392,-75.06237,Federal,Emergency,0.00,1221388.00,10800000.00,0.60,17940199.34,8.84,#DIV/0!
Ocracoke Island,NC,1992,35.177176,-75.782661,Federal,Navigation,1000.00,100000.00,653748.00,0.60,1085960.13,6.54,100.00
Palm Beach County: Delray Beach,FL,1992,26.462092,-80.057373,Federal,Shore Protection,8976.00,1196500.00,4862000.00,0.60,8076411.96,4.06,133.30
Palm Beach County: Palm Beach,FL,1992,26.705425,-80.032884,Federal,Unknown,10296.00,1200000.00,3993528.00,0.60,6633767.44,3.33,116.55
"Pinellas County: Sand Key/Indian Shores, Redington Shores & North Redington Beach (Phase III)",FL,1992,27.833119,-82.836169,Federal,Shore Protection,15840.00,850000.00,11700000.00,0.60,19435215.95,13.76,53.66
Plumb Beach,NY,1992,40.583648,-73.927345,Federal,Navigation,1000.00,145000.00,1329000.00,0.60,2207641.20,9.17,145.00
"Revere Beach, Revere ",MA,1992,42.424961,-70.982044,Federal,Unknown,15840.00,768000.00,6030000.00,0.60,10016611.30,7.85,48.48
Topsail Island,NC,1992,34.351940,-77.644415,Federal,Navigation,755.00,75519.00,177830.00,0.60,286822.58,2.35,100.03
Avalon,NJ,1993,39.100226,-74.71055,Federal,Emergency,2800.00,239000.00,1777193.00,0.62,2866440.32,7.44,85.36
Brevard County: Sebastian Inlet (South Beaches),FL,1993,27.859054,-80.446873,State,Unknown,0.00,116520.00,675093.00,0.62,1088859.68,5.79,#DIV/0!
Cape May,NJ,1993,38.929502,-74.924212,Federal,Emergency,0.00,300000.00,2135000.00,0.62,3443548.39,7.12,#DIV/0!
Cape May Inlet to Lower Township,NJ,1993,38.941653,-74.883331,Federal,Emergency,0.00,300000.00,2200000.00,0.62,3548387.10,7.33,#DIV/0!
Cape May Inlet to Lower Township,NJ,1993,38.941653,-74.883331,Federal,Shore Protection,4800.00,415000.00,2400000.00,0.62,3870967.74,5.78,86.46
Collier County: Wiggins State Park,FL,1993,26.281699,-81.830088,Federal,Navigation,0.00,35000.00,88303.00,0.62,142424.19,2.52,#DIV/0!
Dewey Beach,DE,1993,38.69298,-75.07179,State,Unknown,1900.00,5755.00,30210.00,0.62,48725.81,5.25,3.03
Folly Beach,SC,1993,32.654263,-79.939721,Federal,Shore Protection,27984.00,2800000.00,15000000.00,0.62,24193548.39,5.36,100.06
Manatee County: Anna Maria Key,FL,1993,27.487539,-82.707858,Federal,Shore Protection,24816.00,2200000.00,8450000.00,0.62,13629032.26,3.84,88.65
Manatee County/Sarasota County: Longboat Key,FL,1993,27.411776,-82.660484,Federal,Shore Protection,49104.00,3130000.00,18665138.00,0.62,30105061.29,5.96,63.74
Martin County: Jupiter Island,FL,1993,27.032179,-80.09943,Unknown,Unknown,0.00,203736.00,934569.00,0.62,1507369.35,4.59,#DIV/0!
"Morro Dunes Natural Preserve, San Luis Obispo",CA,1993,35.274073,-120.888534,Federal,Navigation,0.00,840000.00,2192000.00,0.62,3535483.87,2.61,#DIV/0!
Nassau County: Fernandina Beach,FL,1993,30.669182,-81.465576,Federal,Navigation,0.00,654000.00,3905230.00,0.62,6298758.06,5.97,0.00
Oak Island,NC,1993,33.908570,-78.110991,Federal,Navigation,1601.00,160091.00,1389987.00,0.62,2241914.52,8.68,99.99
Ocean City,NJ,1993,39.264158,-74.589958,Federal,Emergency,0.00,846000.00,2915131.00,0.62,4701824.19,3.45,#DIV/0!
Ocean City,NJ,1993,39.264158,-74.589958,Federal,Shore Protection,11800.00,2727000.00,14571909.00,0.62,23503079.03,5.34,231.10
Ocean City   ,MD,1993,38.38392,-75.06237,Federal,Emergency,0.00,223515.00,960000.00,0.62,1548387.10,4.30,#DIV/0!
Pinellas County: Belleair Beach,FL,1993,27.923516,-82.844338,State,Unknown,0.00,82300.00,358647.00,0.62,578462.90,4.36,#DIV/0!
Topsail Island,NC,1993,34.351940,-77.644415,Federal,Navigation,802.00,80162.00,269659.00,0.62,434933.87,3.36,99.95
West of Shinnecock Inlet/Tiana Beach,NY,1993,40.830908,-72.514164,Federal,Shore Protection,3000.00,500000.00,1650000.00,0.62,2661290.32,3.30,166.67
Westhampton Beach,NY,1993,40.794643,-72.639198,Federal,Navigation,0.00,1440000.00,5364030.00,0.62,8651661.29,3.73,0.00
Atlantic Beach/Fort Macon,NC,1994,34.694626,-76.705685,Federal,Navigation,24737.00,4664000.00,3794727.00,0.64,5966551.89,0.81,188.54
Belmar/Spring Lake,NJ,1994,40.150144,-74.022303,State,Unknown,1180.00,70000.00,347199.00,0.64,545910.38,4.96,59.32
Bethany/South Bethany Beach,DE,1994,38.539808,-75.053873,State,Unknown,4150.00,184452.00,838953.00,0.64,1319108.49,4.55,44.45
Bethany/South Bethany Beach,DE,1994,38.516525,-75.052564,State,Unknown,2550.00,98419.00,452165.00,0.64,710951.26,4.59,38.60
Breezy Point/Roxbury,NY,1994,40.558992,-73.929116,Federal,Navigation,7500.00,199000.00,1288000.00,0.64,2025157.23,6.47,26.53
Brevard County: North Reach,FL,1994,28.36784,-80.602083,Federal,Shore Protection,5100.00,100000.00,190000.00,0.64,298742.14,1.90,19.61
Dewey Beach,DE,1994,38.69298,-75.07179,Federal,Shore Protection,1385.00,14004.00,60000.00,0.64,94339.62,4.28,10.11
Dewey Beach,DE,1994,38.69298,-75.07179,State,Unknown,6000.00,578874.00,2342230.00,0.64,3682751.57,4.05,96.48
Duval County: Kathryn Abbey Hanna Park,FL,1994,30.369913,-81.397405,Federal,Navigation,0.00,700000.00,3301887.00,0.64,5191646.23,4.72,0.00
Fenwick Island,DE,1994,38.462461,-75.049388,Federal,Emergency,2300.00,68236.00,369809.00,0.64,581460.69,5.42,29.67
Fire Island: Fire Island Pines,NY,1994,40.663322,-73.067322,Local,Unknown,6300.00,150000.00,900000.00,0.64,1415094.34,6.00,23.81
Fire Island: Ocean Bay Park,NY,1994,40.646945,-73.139323,Local,Unknown,2600.00,140000.00,800000.00,0.64,1257861.64,5.71,53.85
Fire Island: Point O' Woods,NY,1994,40.649827,-73.127789,Local,Unknown,4300.00,75000.00,450000.00,0.64,707547.17,6.00,17.44
Fire Island: Saltaire/Fair Harbor/Dunewood,NY,1994,40.636167,-73.18903,Local,Unknown,8500.00,550000.00,3000000.00,0.64,4716981.13,5.45,64.71
Fire Island: Seaview,NY,1994,40.645146,-73.147981,Local,Unknown,3000.00,55000.00,330000.00,0.64,518867.92,6.00,18.33
Gilgo Beach,NY,1994,40.617373,-73.397169,Federal,Navigation,18000.00,1500000.00,11183000.00,0.64,17583333.33,7.46,83.33
Grand Isle,LA,1994,29.235874,-89.986632,Federal,Shore Protection,0.00,310000.00,2491000.00,0.64,3916666.67,8.04,#DIV/0!
Hempstead Beach,NY,1994,40.831541,-73.657837,Federal,Navigation,3000.00,560000.00,3771000.00,0.64,5929245.28,6.73,186.67
"Lincoln Park, King County",WA,1994,47.53156,-122.400248,Federal,Shore Protection,2500.00,1750.00,1316626.00,0.64,2070166.67,752.36,0.70
Long Beach Island: Harvey Cedars,NJ,1994,39.705998,-74.132245,State,Unknown,0.00,660000.00,3700000.00,0.64,5817610.06,5.61,#DIV/0!
Manatee County/Sarasota County: Longboat Key,FL,1994,27.411776,-82.660484,Federal,Unknown,6864.00,1320000.00,6102684.00,0.64,9595415.09,4.62,192.31
Nassau County: Amelia Island,FL,1994,30.619762,-81.43914,Local,Unknown,1700.00,2159096.00,3500000.00,0.64,5503144.65,1.62,1270.06
North Indian Beach,DE,1994,38.683445,-75.070458,Private,Unknown,403.00,21000.00,61400.00,0.64,96540.88,2.92,52.11
Ocean City,NJ,1994,39.264158,-74.589958,Federal,Shore Protection,6336.00,606000.00,3217825.00,0.64,5059473.27,5.31,95.64
Palm Beach County: Lake Worth Inlet (South Beach),FL,1994,26.61416,-80.036538,Federal,Navigation,0.00,178000.00,839623.00,0.64,1320161.95,4.72,#DIV/0!
Palm Beach County: Palm Beach,FL,1994,26.705425,-80.032884,Federal,Unknown,5400.00,800000.00,2274400.00,0.64,3576100.63,2.84,148.15
Sarasota County: Venice Beach,FL,1994,27.100135,-82.460707,Federal,Shore Protection,16640.00,902254.00,19000000.00,0.64,29874213.84,21.06,54.22
St. Lucie County: Ft. Pierce Beach,FL,1994,27.441207,-80.32097,Federal,Navigation,0.00,7190.00,33915.00,0.64,53325.47,4.72,#DIV/0!
Virginia Beach,VA,1994,36.853733,-75.975094,Local,Unknown,18480.00,303318.00,800000.00,0.64,1257861.64,2.64,16.41
Waveland,MS,1994,30.281454,-89.36923,State,Unknown,10400.00,600000.00,2000000.00,0.64,3144654.09,3.33,57.69
Wrightsville Beach,NC,1994,34.207242,-77.793460,Federal,Shore Protection,6400.00,619031.00,1973591.00,0.64,3103130.50,3.19,96.72
Brevard County: North Reach,FL,1995,28.36784,-80.602083,Federal,Navigation,0.00,742000.00,3601942.00,0.65,5507556.57,4.85,0.00
Cape May Inlet to Lower Township,NJ,1995,38.941653,-74.883331,Federal,Shore Protection,4800.00,330000.00,2605000.00,0.65,3983180.43,7.89,68.75
Carolina Beach,NC,1995,34.038772,-77.888904,Federal,Shore Protection,11600.00,1157742.00,3185642.00,0.65,4871012.23,2.75,99.81
Collier County: Marco Island,FL,1995,25.935122,-81.733904,State,Unknown,0.00,2400.00,11068.00,0.65,16923.55,4.61,#DIV/0!
Collier County: Vanderbilt Beach,FL,1995,26.253845,-81.823515,Federal,Navigation,0.00,42000.00,112136.00,0.65,171461.77,2.67,#DIV/0!
Coney Island,NY,1995,40.572843,-73.978114,Federal,Shore Protection,18340.00,2800000.00,9000000.00,0.65,13761467.89,3.21,152.67
Edisto Beach,SC,1995,32.477673,-80.336162,State,Unknown,10560.00,150000.00,1500000.00,0.65,2293577.98,10.00,14.20
Great Gunn Beach,NY,1995,40.752751,-72.798758,Local,Unknown,0.00,40000.00,155340.00,0.65,237522.94,3.88,#DIV/0!
Hempstead Beach,NY,1995,40.831541,-73.657837,Federal,Navigation,3000.00,459000.00,2915000.00,0.65,4457186.54,6.35,153.00
Lee County: Bonita Beach,FL,1995,26.331884,-81.846428,State,Unknown,4118.00,217000.00,1100000.00,0.65,1681957.19,5.07,52.70
Martin County: Jupiter/Carlin Beach,FL,1995,26.929823,-80.068209,Federal,Shore Protection,5702.00,603000.00,2274400.00,0.65,3477675.84,3.77,105.75
Ocean City,NJ,1995,39.264158,-74.589958,Federal,Shore Protection,24816.00,1411000.00,5749776.00,0.65,8791706.42,4.07,56.86
Ocean City,NJ,1995,39.264158,-74.589958,State,Unknown,10560.00,360000.00,1232572.00,0.65,1884666.67,3.42,34.09
Ocracoke Island,NC,1995,35.177176,-75.782661,Federal,Navigation,0.00,44305.00,145135.00,0.65,221918.96,3.28,#DIV/0!
Palm Beach County: Mid-town Beach ,FL,1995,26.701491,-80.032847,Local,Unknown,5400.00,800000.00,3200000.00,0.65,4892966.36,4.00,148.15
Pea Island,NC,1995,35.727144,-75.496674,Federal,Navigation,2000.00,203191.00,1294327.00,0.65,1979093.27,6.37,101.60
Port Chehalis,WA,1995,46.904534,-124.133229,Federal,Shore Protection,0.00,300000.00,1404988.00,0.65,2148299.69,4.68,#DIV/0!
Rockaway Beach,NY,1995,40.585221,-73.806914,Federal,Navigation,3000.00,153000.00,1373000.00,0.65,2099388.38,8.97,51.00
"Salsbury Point Park, Hood Canal",WA,1995,47.856791,-122.607583,Unknown,Unknown,300.00,2000.00,389000.00,0.65,594801.22,194.50,6.67
Sandy Hook to Barnegat Inlet: Monmouth Beach,NJ,1995,40.335357,-73.973708,Federal,Shore Protection,16368.00,4600000.00,32307692.00,0.65,49400140.67,7.02,281.04
St. Lucie County: Ft. Pierce Beach,FL,1995,27.441207,-80.32097,Federal,Navigation,0.00,166650.00,808981.00,0.65,1236974.01,4.85,#DIV/0!
Topsail Island,NC,1995,34.351940,-77.644415,Federal,Navigation,389.00,38883.00,269659.00,0.65,412322.63,6.94,99.96
Tybee Island,GA,1995,31.999851,-80.842209,Federal,Shore Protection,0.00,300000.00,1860000.00,0.65,2844036.70,6.20,#DIV/0!
Virginia Beach,VA,1995,36.853733,-75.975094,Federal,Shore Protection,18480.00,289450.00,962000.00,0.65,1470948.01,3.32,15.66
Bay County: Panama City Beach,FL,1996,30.176314,-85.807965,Federal,Navigation,0.00,98990.00,272223.00,0.67,403891.69,2.75,#DIV/0!
Brevard County: North Reach,FL,1996,28.36784,-80.602083,Federal,Shore Protection,2500.00,40000.00,341000.00,0.67,505934.72,8.53,16.00
Brevard County: Patrick Air Force Base,FL,1996,28.238729,-80.600921,Federal,Shore Protection,18000.00,100000.00,1300000.00,0.67,1928783.38,13.00,5.56
Camp Ellis,ME,1996,43.466719,-70.381937,Federal,Navigation,0.00,90000.00,1180000.00,0.67,1750741.84,13.11,#DIV/0!
Collier County: Vanderbilt/Park Shore/Naples,FL,1996,26.203464,-81.816452,Federal,Shore Protection,29692.00,1132000.00,10000000.00,0.67,14836795.25,8.83,38.12
Dam Neck Naval Base,VA,1996,36.78248,-75.957069,Federal,Shore Protection,9200.00,808000.00,3800000.00,0.67,5637982.20,4.70,87.83
Duval County: Jacksonville Beach,FL,1996,30.285688,-81.387652,Federal,Shore Protection,39600.00,1240000.00,7400000.00,0.67,10979228.49,5.97,31.31
Fire Island: Water Island,NY,1996,40.674454,-73.029299,Local,Unknown,1000.00,76000.00,470000.00,0.67,697329.38,6.18,76.00
Lee County: Captiva Island,FL,1996,26.527581,-82.194493,Federal,Unknown,25344.00,817300.00,5164900.00,0.67,7663056.38,6.32,32.25
Martin County,FL,1996,27.256737,-80.196891,Local,Unknown,19800.00,1269000.00,8625000.00,0.67,12796735.91,6.80,64.09
Martin County: Hutchinson Island,FL,1996,27.295024,-80.214636,Federal,Shore Protection,21648.00,1340000.00,11168529.00,0.67,16570517.80,8.33,61.90
Martin County: Jupiter Island,FL,1996,27.032179,-80.09943,Local,Unknown,17600.00,1800000.00,7200000.00,0.67,10682492.58,4.00,102.27
Nassau County: Fernandina Beach,FL,1996,30.669182,-81.465576,Federal,Navigation,0.00,84446.00,422230.00,0.67,626454.01,5.00,#DIV/0!
Palm Beach County: Boca Raton South,FL,1996,26.354421,-80.069046,State,Unknown,4170.00,252000.00,1260000.00,0.67,1869436.20,5.00,60.43
Palm Beach County: Delray Beach,FL,1996,26.462092,-80.057373,Federal,Shore Protection,14260.00,1020000.00,5100000.00,0.67,7566765.58,5.00,71.53
Palm Beach County: Juno Beach,FL,1996,26.879895,-80.052459,Federal,Navigation,30096.00,135000.00,1455000.00,0.67,2158753.71,10.78,4.49
Pinellas County: Treasure Island/Sunset Beach,FL,1996,27.749268,-82.762831,Federal,Shore Protection,2481.00,51300.00,780000.00,0.67,1157270.03,15.20,20.68
Pleasure Bay Beach,MA,1996,42.335675,-71.023436,State,Unknown,0.00,10600.00,159000.00,0.67,235905.04,15.00,#DIV/0!
"Quincy Shore Beach (Wollaston Beach), Quincy ",MA,1996,42.277944,-71.011934,State,Unknown,0.00,44200.00,663000.00,0.67,983679.53,15.00,#DIV/0!
Rockaway Beach,NY,1996,40.585221,-73.806914,Federal,Navigation,4000.00,340000.00,2400000.00,0.67,3560830.86,7.06,85.00
Sandy Hook to Barnegat Inlet: Sea Bright,NJ,1996,40.390848,-73.975289,Federal,Shore Protection,12672.00,3800000.00,24307692.00,0.67,36064824.93,6.40,299.87
"Sandy Point, Narrangansett",RI,1996,41.553148,-71.234311,Federal,Navigation,0.00,60000.00,444444.00,0.67,659412.46,7.41,#DIV/0!
Sarasota County: Venice Beach,FL,1996,27.100135,-82.460707,Federal,Shore Protection,9880.00,901000.00,18500000.00,0.67,27448071.22,20.53,91.19
Smith Point County Park,NY,1996,40.753694,-72.795625,Local,Unknown,0.00,600000.00,2400000.00,0.67,3560830.86,4.00,#DIV/0!
St. Johns County: Anastasia State Park/ St.Augustine,FL,1996,29.896727,-81.275718,Federal,Shore Protection,0.00,292000.00,3584360.00,0.67,5318041.54,12.28,0.00
St. Johns County: St. Augustine Beach/Anastasia,FL,1996,29.88676,-81.286361,Federal,Navigation,0.00,258000.00,2523240.00,0.67,3743679.53,9.78,#DIV/0!
Virginia Beach,VA,1996,36.853733,-75.975094,Federal,Shore Protection,18480.00,300000.00,1100000.00,0.67,1632047.48,3.67,16.23
Brigantine,NJ,1997,39.405826,-74.362421,State,Shore Protection,0.00,1200000.00,6000000.00,0.69,8708272.86,5.00,#DIV/0!
Cape May Inlet to Lower Township,NJ,1997,38.941653,-74.883331,Federal,Shore Protection,0.00,366000.00,2400000.00,0.69,3483309.14,6.56,#DIV/0!
Ediz Hook,WA,1997,48.140472,-123.449051,Local,Unknown,6160.00,100000.00,5878740.00,0.69,8532278.66,58.79,16.23
Garden City Beach,SC,1997,33.581876,-78.993073,Federal,Shore Protection,30000.00,1517494.00,14294614.00,0.69,20746899.85,9.42,50.58
Hilton Head,SC,1997,32.236644,-80.677092,Local,Unknown,43500.00,3383000.00,11000000.00,0.69,15965166.91,3.25,77.77
Miami-Dade County: Sunny Isles/Miami Beach,FL,1997,25.790966,-80.127196,Federal,Unknown,9000.00,716052.00,12687000.00,0.69,18413642.96,17.72,79.56
Nassau County: S. Amelia Island,FL,1997,30.626543,-81.438072,Federal,Navigation,7000.00,325000.00,1511250.00,0.69,2193396.23,4.65,46.43
North Myrtle Beach,SC,1997,33.814998,-78.679404,Federal,Unknown,45400.00,2622904.00,20154213.00,0.69,29251397.68,7.68,57.77
Ocean City   ,NJ,1997,39.264158,-74.589958,Federal,Shore Protection,7000.00,800000.00,4945000.00,0.69,7177068.21,6.18,114.29
Pea Island,NC,1997,35.727144,-75.496674,Federal,Navigation,0.00,294000.00,1159642.00,0.69,1683079.83,3.94,#DIV/0!
South Padre Island (4 miles north of Brazos Santiago Pass),TX,1997,26.074415,-97.156842,Federal,Navigation,6864.00,489111.00,630000.00,0.69,914368.65,1.29,71.26
Westhampton Beach,NY,1997,40.794643,-72.639198,Federal,Shore Protection,12000.00,4000000.00,30700000.00,0.69,44557329.46,7.68,333.33
Bethany/South Bethany Beach,DE,1998,38.539808,-75.053873,State,Unknown,5138.00,321700.00,1321572.00,0.70,1887960.00,4.11,62.61
Bethany/South Bethany Beach,DE,1998,38.516525,-75.052564,State,Unknown,3400.00,168900.00,707635.00,0.70,1010907.14,4.19,49.68
Carolina Beach    ,NC,1998,34.038772,-77.888904,Federal,Shore Protection,0.00,575000.00,2020650.00,0.70,2886642.86,3.51,#DIV/0!
Corpus Christi (Nueces County),TX,1998,27.821988,-97.386417,State,Unknown,0.00,24000.00,85000.00,0.70,121428.57,3.54,#DIV/0!
Daufuskie,SC,1998,32.113277,-80.8462,Private,Unknown,18480.00,1400000.00,6000000.00,0.70,8571428.57,4.29,75.76
Debidue,SC,1998,33.361942,-79.151065,Private,Unknown,7920.00,250000.00,1500000.00,0.70,2142857.14,6.00,31.57
Dewey Beach,DE,1998,38.69298,-75.07179,State,Emergency,6095.00,453500.00,1948000.00,0.70,2782857.14,4.30,74.41
Fenwick Island,DE,1998,38.462461,-75.049388,State,Unknown,2800.00,141100.00,926390.00,0.70,1323414.29,6.57,50.39
Folly Beach Spit,SC,1998,32.6504324,-79.96338,Federal,Navigation,2000.00,90000.00,315000.00,0.70,450000.00,3.50,45.00
Myrtle Beach,SC,1998,33.687161,-78.883097,Federal,Shore Protection,48780.00,2249916.00,16870194.00,0.70,24100277.14,7.50,46.12
North Shores,DE,1998,38.736176,-75.079279,State,Unknown,2265.00,188100.00,721630.00,0.70,1030900.00,3.84,83.05
Palm Beach County: Boca Raton North,FL,1998,26.359727,-80.068703,Federal,Unknown,7656.00,680000.00,2750000.00,0.70,3928571.43,4.04,88.82
Palm Beach County: Ocean Ridge,FL,1998,26.527031,-80.047288,Federal,Unknown,8448.00,939886.00,3169000.00,0.70,4527142.86,3.37,111.26
Pea Island,NC,1998,35.727144,-75.496674,Federal,Navigation,0.00,260183.00,637448.00,0.70,910640.00,2.45,#DIV/0!
Rehoboth Beach,DE,1998,38.720926,-75.076253,State,Unknown,3500.00,274300.00,1087750.00,0.70,1553928.57,3.97,78.37
"Samish Island, North Puget Sound ",WA,1998,48.575102,-122.540957,Unknown,Unknown,1000.00,8760.00,250000.00,0.70,357142.86,28.54,8.76
Sandbridge,VA,1998,36.745865,-75.943615,Federal,Shore Protection,24300.00,1100000.00,8100000.00,0.70,11571428.57,7.36,45.27
Sea Colony,DE,1998,38.528847,-75.05368,State,Unknown,2333.00,128000.00,419479.00,0.70,599255.71,3.28,54.86
St. Johns County: St. Augustine Beach/Anastasia,FL,1998,29.88676,-81.286361,Federal,Navigation,3200.00,282000.00,1410000.00,0.70,2014285.71,5.00,88.13
Sullivan's Island,SC,1998,32.756431,-79.840661,State,Unknown,2640.00,35000.00,230000.00,0.70,328571.43,6.57,13.26
Wrightsville Beach,NC,1998,34.207242,-77.793460,Federal,Shore Protection,0.00,1672227.00,3969298.97,0.70,5670427.10,2.37,0.00
Arcadian Shores,SC,1999,33.768957,-78.771844,Local,Unknown,4780.00,446000.00,4093218.00,0.72,5724780.42,9.18,93.31
Bay County: Panama City Beach,FL,1999,30.176314,-85.807965,Federal,Shore Protection,93080.00,9800000.00,33000000.00,0.72,46153846.15,3.37,105.29
Brigantine,NJ,1999,39.405826,-74.362421,Federal,Shore Protection,9504.00,999827.00,4970000.00,0.72,6951048.95,4.97,105.20
Cape May,NJ,1999,38.929502,-74.924212,Federal,Ecosystem Restoration,10032.00,2372000.00,73571000.00,0.72,102896503.50,31.02,236.44
Cape May Inlet to Lower Township,NJ,1999,38.941653,-74.883331,Federal,Shore Protection,0.00,400000.00,3400000.00,0.72,4755244.76,8.50,#DIV/0!
City of San Fransisco,CA,1999,37.759375,-122.510806,State,Unknown,0.00,10000.00,500000.00,0.72,699300.70,50.00,#DIV/0!
"Driftwood Beach, Blakely Island",WA,1999,48.586317,-122.807729,Unknown,Unknown,900.00,1810.00,90000.00,0.72,125874.13,49.72,2.01
Edisto Beach,SC,1999,32.477673,-80.336162,State,Unknown,0.00,25000.00,250000.00,0.72,349650.35,10.00,#DIV/0!
Hilton Head,SC,1999,32.132304,-80.768738,Local,Unknown,4224.00,245000.00,1200000.00,0.72,1678321.68,4.90,58.00
Miami-Dade County: Surfside/South Miami Beach,FL,1999,25.876905,-80.120062,Federal,Unknown,7000.00,839175.00,13385000.00,0.72,18720279.72,15.95,119.88
Pawley's Island,SC,1999,33.432811,-79.119024,State,Unknown,13200.00,270000.00,1300000.00,0.72,1818181.82,4.81,20.45
Pea Island,NC,1999,35.727144,-75.496674,Federal,Navigation,0.00,328919.00,545515.00,0.72,762958.04,1.66,#DIV/0!
Pinellas County: Sand Key/Clearwater to North Redington Beach (Phase IV),FL,1999,27.93997,-82.83965,Federal,Shore Protection,45936.00,2600000.00,24000000.00,0.72,33566433.57,9.23,56.60
Sandy Hook to Barnegat Inlet: Belmar - Manasquan,NJ,1999,40.150144,-74.022303,Federal,Shore Protection,31152.00,4100000.00,44615384.00,0.72,62399138.46,10.88,131.61
Sandy Hook to Barnegat Inlet: Long Branch,NJ,1999,40.303225,-73.978014,Federal,Shore Protection,17423.00,4300000.00,45454545.00,0.72,63572790.21,10.57,246.80
Shamrock Island (Eastern Corpus Christi Bay),TX,1999,27.745056,-97.158644,Unknown,Unknown,4000.00,90000.00,750000.00,0.72,1048951.05,8.33,22.50
South Padre Island (2 miles north of Brazos Santiago Pass),TX,1999,26.07097,-97.155576,Federal,Navigation,0.00,494766.00,55000.00,0.72,76923.08,0.11,#DIV/0!
"South Padre Island (Park Road 100, Cameron County)",TX,1999,26.155284,-97.170939,State,Shore Protection,2000.00,41628.00,25000.00,0.72,34965.03,0.60,20.81
St. Lucie County: Ft. Pierce Beach,FL,1999,27.441207,-80.32097,Federal,Unknown,6864.00,908000.00,6200000.00,0.72,8671328.67,6.83,132.28
Blake Island State Park,WA,2000,47.542932,-122.504597,Unknown,Unknown,600.00,3500.00,18000.00,0.74,24357.24,5.14,5.83
City of San Fransisco,CA,2000,37.759375,-122.510806,State,Unknown,0.00,7000.00,450000.00,0.74,608930.99,64.29,#DIV/0!
Dauphin Island    ,AL,2000,30.249577,-88.173866,Federal,Emergency,13000.00,300000.00,1000000.00,0.74,1353179.97,3.33,23.08
"East Timbalier Island Sediment Restoration, Phase 1 (TE-25)",LA,2000,29.06608,-90.32357,Federal,Ecosystem Restoration,12000.00,1004000.00,2158600.00,0.74,2920974.29,2.15,83.67
"East Timbalier Island Sediment Restoration, Phase 2 (TE-30)",LA,2000,29.069383,-90.31565,Federal,Ecosystem Restoration,7000.00,1692276.00,3638393.00,0.74,4923400.54,2.15,241.75
Folly Beach Spit,SC,2000,32.6504324,-79.96338,Federal,Navigation,1000.00,49000.00,228000.00,0.74,308525.03,4.65,49.00
Gilchrist East Subdivision,TX,2000,29.510396,-94.491777,Unknown,Unknown,5280.00,297474.00,1549115.00,0.74,2096231.39,5.21,56.34
Gilgo Beach,NY,2000,40.617373,-73.397169,Federal,Navigation,0.00,913000.00,8441650.00,0.74,11423071.72,9.25,#DIV/0!
Lee County: South of Matanzas,FL,2000,29.710569,-81.233854,Federal,Navigation,8000.00,765000.00,4276350.00,0.74,5786671.18,5.59,95.63
Monroe County: Key West/Smathers Beach,FL,2000,24.551841,-81.769303,State,Unknown,3000.00,36000.00,719963.00,0.74,974239.51,20.00,12.00
Ocean City,NJ,2000,39.264158,-74.589958,Federal,Shore Protection,12500.00,1351000.00,6943000.00,0.74,9395128.55,5.14,108.08
Pea Island,NC,2000,35.727144,-75.496674,Federal,Navigation,0.00,419305.00,1228564.00,0.74,1662468.20,2.93,#DIV/0!
Pinellas County: Treasure Island/Sunset Beach,FL,2000,27.749268,-82.762831,Federal,Shore Protection,8448.00,350000.00,1500000.00,0.74,2029769.96,4.29,41.43
St. Johns County: Anastasia State Park/ St.Augustine,FL,2000,29.896727,-81.275718,Federal,Navigation,3200.00,200000.00,950000.00,0.74,1285520.97,4.75,62.50
St. Johns County: St. Augustine Beach,FL,2000,29.845167,-81.264732,Federal,Navigation,52800.00,3200000.00,16000000.00,0.74,21650879.57,5.00,60.61
Wells and Drakes Island,ME,2000,43.324116,-70.551195,Federal,Navigation,0.00,10000.00,100000.00,0.74,135318.00,10.00,#DIV/0!
Bermuda Beach Subdivision,TX,2001,29.214096,-94.917047,State,Unknown,3110.00,15900.00,200000.00,0.76,263157.89,12.58,5.11
Brevard County: North Reach,FL,2001,28.36784,-80.602083,Federal,Shore Protection,49632.00,3204900.00,22628432.00,0.76,29774252.63,7.06,64.57
Brevard County: Patrick Air Force Base,FL,2001,28.238729,-80.600921,Federal,Shore Protection,15840.00,598000.00,500000.00,0.76,657894.74,0.84,37.75
Caplen Shores/Caplen Beach Subdivision,TX,2001,29.490002,-94.544156,Unknown,Unknown,5730.00,70000.00,756000.00,0.76,994736.84,10.80,12.22
Carolina Beach    ,NC,2001,34.038772,-77.888904,Federal,Shore Protection,0.00,1204646.00,2964355.00,0.76,3900467.11,2.46,#DIV/0!
Caswell Beach,NC,2001,33.896008,-78.051102,Federal,Navigation,25000.00,1292000.00,6000000.00,0.76,7894736.84,4.64,51.68
Corpus Christi (Nueces County),TX,2001,27.821988,-97.386417,State,Unknown,1100.00,125000.00,2269000.00,0.76,2985526.32,18.15,113.64
Gilchrist-Caplen Beach,TX,2001,29.498538,-94.522655,State,Shore Protection,5280.00,300000.00,1386250.00,0.76,1824013.16,4.62,56.82
Gulf Shores,AL,2001,30.244832,-87.698708,Local,Shore Protection,16000.00,1800000.00,6000000.00,0.76,7894736.84,3.33,112.50
Harrison County,MS,2001,30.385167,-89.012775,Federal,Shore Protection,123031.00,1200000.00,6000000.00,0.76,7894736.84,5.00,9.75
Holden Beach    ,NC,2001,33.908890,-78.310204,State,Navigation,10600.00,660000.00,5808000.00,0.76,7642105.26,8.80,62.26
Kure Beach,NC,2001,33.995750,-77.906199,Federal,Shore Protection,18000.00,1200000.00,4500000.00,0.76,5921052.63,3.75,66.67
Martin County,FL,2001,27.256737,-80.196891,Local,Unknown,19800.00,1100000.00,7935000.00,0.76,10440789.47,7.21,55.56
Miami-Dade County: Sunny Isles/Miami Beach,FL,2001,25.790966,-80.127196,Federal,Unknown,15700.00,835000.00,18212000.00,0.76,23963157.89,21.81,53.18
Oak Island,NC,2001,33.908570,-78.110991,Federal,Ecosystem Restoration,12100.00,1340000.00,12572000.00,0.76,16542105.26,9.38,110.74
Oak Island,NC,2001,33.908570,-78.110991,Federal,Navigation,25600.00,1325000.00,11925000.00,0.76,15690789.47,9.00,51.76
Ocean Isle Beach,NC,2001,33.890044,-78.422899,Federal,Shore Protection,17160.00,1952600.00,8185714.00,0.76,10770676.32,4.19,113.79
Palm Beach County: Juno Beach,FL,2001,26.879895,-80.052459,State,Unknown,12672.00,1000000.00,11100000.00,0.76,14605263.16,11.10,78.91
Pea Island,NC,2001,35.727144,-75.496674,Federal,Navigation,0.00,513706.00,2568530.00,0.76,3379644.74,5.00,#DIV/0!
Pointe San Luis Subdivision,TX,2001,29.266784,-94.824929,State,Unknown,1310.00,13300.00,90000.00,0.76,118421.05,6.77,10.15
Rockaway Beach,NY,2001,40.585221,-73.806914,Federal,Navigation,0.00,1250758.00,5698348.00,0.76,7497826.32,4.56,0.00
Rockaway Beach,NY,2001,40.585221,-73.806914,Federal,Shore Protection,32736.00,1000000.00,24100000.00,0.76,31710526.32,24.10,30.55
Sandy Hook to Barnegat Inlet: Asbury Park,NJ,2001,40.210737,-74.002733,Federal,Shore Protection,16368.00,3100000.00,36923076.00,0.76,48582994.74,11.91,189.39
Sea Isle Subdivision,TX,2001,29.140055,-95.04015,State,Unknown,4220.00,10100.00,90000.00,0.76,118421.05,8.91,2.39
"South Padre Island (Park Road 100, Cameron County)",TX,2001,26.155284,-97.170939,State,Shore Protection,2000.00,55000.00,300000.00,0.76,394736.84,5.45,27.50
Spanish Grant Subdivision,TX,2001,29.230463,-94.890375,State,Unknown,1725.00,5900.00,75000.00,0.76,98684.21,12.71,3.42
Terramar Subdivision,TX,2001,29.130721,-95.054913,State,Unknown,2850.00,19900.00,78175.00,0.76,102861.84,3.93,6.98
Assateague Island,MD,2002,38.091337,-75.198026,Federal,Unknown,29568.00,2537695.00,9675000.00,0.77,12532383.42,3.81,85.83
Bald Head Island,NC,2002,33.855876,-77.999067,Federal,Navigation,16000.00,1840000.00,3285000.00,0.77,4255181.35,1.79,115.00
Benson Beach,WA,2002,46.354274,-124.06414,Federal,Unknown,0.00,43000.00,1025000.00,0.77,1327720.21,23.84,#DIV/0!
Brevard County: South Reach/Indialantic,FL,2002,28.080008,-80.560856,Federal,Shore Protection,15840.00,1250000.00,7330662.00,0.77,9495676.17,5.86,78.91
Figure Eight Island - South End,NC,2002,34.252534,-77.758791,Private,Navigation,0.00,500572.00,2753146.00,0.77,3566251.30,5.50,#DIV/0!
Indian Beach/Salter Path,NC,2002,34.686551,-76.895218,Local,Shore Protection,15840.00,456000.00,1890000.00,0.77,2448186.53,4.14,28.79
Manatee County: Anna Maria Key,FL,2002,27.487539,-82.707858,Federal,Shore Protection,27456.00,2320000.00,8390300.00,0.77,10868264.25,3.62,84.50
Martin County,FL,2002,27.256737,-80.196891,State,Unknown,3010.00,125576.00,300000.00,0.77,388601.04,2.39,41.72
Martin County: Jupiter Island,FL,2002,27.032179,-80.09943,State,Unknown,31152.00,3000000.00,1561023.00,0.77,2022050.52,0.52,96.30
Martin County: Jupiter/Carlin Beach,FL,2002,26.931387,-80.068445,Federal,Unknown,5580.00,634000.00,4600000.00,0.77,5958549.22,7.26,113.62
Miami-Dade County: Key Biscayne,FL,2002,25.693228,-80.156615,State,Unknown,6336.00,300000.00,1097500.00,0.77,1421632.12,3.66,47.35
Nassau County: S. Amelia Island,FL,2002,30.615321,-81.4401,State,Unknown,17424.00,177000.00,8000000.00,0.77,10362694.30,45.20,10.16
Ocean City   ,MD,2002,38.38392,-75.06237,Federal,Unknown,0.00,700000.00,4559666.00,0.77,5906303.11,6.51,0.00
Palm Beach County: Delray Beach,FL,2002,26.462092,-80.057373,State,Unknown,8976.00,1150000.00,3882210.00,0.77,5028769.43,3.38,128.12
Palm Beach County: South Boca Raton Beach,FL,2002,26.354623,-80.069153,State,Unknown,5808.00,300000.00,791257.00,0.77,1024944.30,2.64,51.65
Pea Island,NC,2002,35.727144,-75.496674,Federal,Navigation,0.00,732852.00,2822329.00,0.77,3655866.58,3.85,#DIV/0!
Pine Knoll Shores,NC,2002,34.693921,-76.818552,Local,Shore Protection,90000.00,1276586.00,10710000.00,0.77,13873056.99,8.39,14.18
Robert Moses State Park,NY,2002,40.620728,-73.280182,Federal,Navigation,0.00,164794.00,1509176.00,0.77,1954891.19,9.16,#DIV/0!
Rockaway Beach,NY,2002,40.585221,-73.806914,Federal,Navigation,0.00,141900.00,1568703.00,0.77,2031998.70,11.05,#DIV/0!
Rollover Pass,TX,2002,29.507633,-94.498773,Federal,Unknown,0.00,118743.00,1162966.00,0.77,1506432.64,9.79,#DIV/0!
South Padre Island (4 miles north of Brazos Santiago Pass),TX,2002,26.074415,-97.156842,Federal,Navigation,3780.00,348000.00,239865.00,0.77,310705.96,0.69,92.06
Virginia Beach,VA,2002,36.853733,-75.975094,Federal,Shore Protection,31923.00,3200000.00,100700000.00,0.77,130440414.51,31.47,100.24
Wrightsville Beach,NC,2002,34.207242,-77.793460,Federal,Shore Protection,0.00,1250000.00,4600000.00,0.77,5958549.22,3.68,0.00
Brevard County: South Reach/Indialantic,FL,2003,28.080008,-80.560856,Federal,Shore Protection,4962.00,324000.00,1900107.00,0.79,2405198.73,5.86,65.30
Cape May Inlet to Lower Township,NJ,2003,38.941653,-74.883331,Federal,Shore Protection,0.00,267000.00,2435000.00,0.79,3082278.48,9.12,#DIV/0!
Caplen Beach,TX,2003,29.65468,-95.008199,Federal,Shore Protection,6500.00,100000.00,573747.00,0.79,726262.03,5.74,15.38
Emerald Isle,NC,2003,34.673133,-76.966696,Local,Shore Protection,31111.00,1810000.00,11800000.00,0.79,14936708.86,6.52,58.18
Escambia County: Pensacola Beach,FL,2003,30.331602,-87.136892,Federal,Shore Protection,42768.00,4248300.00,20000000.00,0.79,25316455.70,4.71,99.33
Figure Eight Island - South End,NC,2003,34.252534,-77.758791,Private,Navigation,0.00,90000.00,495000.00,0.79,626582.28,5.50,#DIV/0!
Gulf Shores,AL,2003,30.244832,-87.698708,Federal,Emergency,17424.00,700000.00,2400000.00,0.79,3037974.68,3.43,40.17
Hatteras Island,NC,2003,35.218768,-75.662627,Federal,Emergency,1500.00,442600.00,6200000.00,0.79,7848101.27,14.01,295.07
Holly Beach,LA,2003,29.763781,-93.534164,Federal,Unknown,27456.00,1700000.00,12400000.00,0.79,15696202.53,7.29,61.92
Hunting Island,SC,2003,32.362554,-80.441927,State,Unknown,2640.00,230181.00,2480250.00,0.79,3139556.96,10.78,87.19
McFaddin Dune Restoration,TX,2003,28.169627,-96.71284,State,Shore Protection,2000.00,8000.00,192858.00,0.79,244124.05,24.11,4.00
Palm Beach County: Palm Beach,FL,2003,26.705425,-80.032884,State,Unknown,13200.00,1200000.00,4400000.00,0.79,5569620.25,3.67,90.91
Pea Island,NC,2003,35.727144,-75.496674,Federal,Navigation,0.00,1029543.00,3860786.00,0.79,4887070.89,3.75,0.00
Rollover Pass,TX,2003,29.507633,-94.498773,Federal,Unknown,0.00,104176.00,1201664.00,0.79,1521093.67,11.53,#DIV/0!
Sandbridge,VA,2003,36.745865,-75.943615,Federal,Shore Protection,26400.00,2000000.00,10000000.00,0.79,12658227.85,5.00,75.76
South Padre Island,TX,2003,26.112402,-97.164567,Federal,Navigation,3780.00,348000.00,2792994.00,0.79,3535435.44,8.03,92.06
"South Padre Island (Park Road 100, Cameron County)",TX,2003,26.155284,-97.170939,State,Shore Protection,2000.00,120000.00,50000.00,0.79,63291.14,0.42,60.00
Absecon Island: Atlantic City,NJ,2004,39.357595,-74.421816,Federal,Shore Protection,18250.00,4000000.00,27384615.00,0.81,33766479.65,6.85,219.18
Absecon Island: Ventnor,NJ,2004,39.337484,-74.475292,Federal,Shore Protection,8500.00,3000000.00,9538462.00,0.81,11761358.82,3.18,352.94
Cape May Inlet to Lower Township,NJ,2004,38.941653,-74.883331,Federal,Shore Protection,14000.00,290000.00,2364000.00,0.81,2914919.85,8.15,20.71
Carolina Beach    ,NC,2004,34.038772,-77.888904,Federal,Shore Protection,0.00,680000.00,2909500.00,0.81,3587546.24,4.28,#DIV/0!
Collier County: Marco Island,FL,2004,25.935122,-81.733904,State,Unknown,0.00,520000.00,2500000.00,0.81,3082614.06,4.81,#DIV/0!
Dare County,NC,2004,35.974950,-75.631943,Federal,Emergency,0.00,383000.00,5100000.00,0.81,6288532.68,13.32,0.00
Emerald Isle,NC,2004,34.673133,-76.966696,Federal,Emergency,12500.00,156000.00,1800000.00,0.81,2219482.12,11.54,12.48
Galveston Island (West end of seawall),TX,2004,29.266784,-94.824929,State,Ecosystem Restoration,0.00,25680.00,1360850.00,0.81,1677990.14,52.99,#DIV/0!
Gilgo Beach,NY,2004,40.617373,-73.397169,Federal,Emergency,0.00,953263.00,8467709.00,0.81,10441071.52,8.88,#DIV/0!
Indian Beach/Salter Path,NC,2004,34.686551,-76.895218,Federal,Navigation,13376.00,630094.00,4692249.00,0.81,5785757.09,7.45,47.11
Kure Beach,NC,2004,33.995750,-77.906199,Federal,Shore Protection,6000.00,190000.00,2380000.00,0.81,2934648.58,12.53,31.67
Lee County: Bonita Beach,FL,2004,26.331884,-81.846428,State,Unknown,3900.00,144000.00,2000000.00,0.81,2466091.25,13.89,36.92
Ocean City,NJ,2004,39.264158,-74.589958,Federal,Shore Protection,9500.00,1600000.00,8314000.00,0.81,10251541.31,5.20,168.42
Pea Island,NC,2004,35.727144,-75.496674,Federal,Navigation,0.00,616448.00,2510229.00,0.81,3095226.88,4.07,#DIV/0!
Pine Knoll Shores,NC,2004,34.693921,-76.818552,Federal,Navigation,2200.00,69189.00,902000.00,0.81,1112207.15,13.04,31.45
Robert Moses State Park,NY,2004,40.620728,-73.280182,State,Unknown,0.00,135983.00,1323953.00,0.81,1632494.45,9.74,#DIV/0!
Rockaway Beach,NY,2004,40.585221,-73.806914,Federal,Shore Protection,32736.00,1300000.00,10000000.00,0.81,12330456.23,7.69,39.71
St. Lucie County: Ft. Pierce Beach,FL,2004,27.441207,-80.32097,State,Unknown,2640.00,400000.00,2100000.00,0.81,2589395.81,5.25,151.52
"Timbalier Island Dune and Marsh Restoration (TE-40)
",LA,2004,29.060524,-90.462835,Federal,Ecosystem Restoration,11616.00,4600000.00,13761336.00,0.81,16968355.12,2.99,396.01
Atlantic Beach/Fort Macon,NC,2005,34.694626,-76.705685,Federal,Navigation,29075.00,2920729.00,12900000.00,0.84,15393794.75,4.42,100.45
Brevard County: Mid Reach,FL,2005,28.150865,-80.582657,State,Emergency,41184.00,307300.00,9446935.00,0.84,11273192.12,30.74,7.46
Brevard County: Sebastian Inlet (South Beaches),FL,2005,27.859054,-80.446873,State,Emergency,58186.00,252200.00,7753065.00,0.84,9251867.54,30.74,4.33
Collier County: Hideaway Beach,FL,2005,27.810042,-80.421317,Federal,Emergency,0.00,250000.00,2500000.00,0.84,2983293.56,10.00,#DIV/0!
Emerald Isle,NC,2005,34.658308,-77.041197,Local,Shore Protection,23760.00,700000.00,11400000.00,0.84,13603818.62,16.29,29.46
Escambia County: Pensacola Beach,FL,2005,30.331602,-87.136892,Federal,Emergency,26400.00,2300000.00,10000000.00,0.84,11933174.22,4.35,87.12
Folly Beach,SC,2005,32.654263,-79.939721,Federal,Shore Protection,27984.00,2338000.00,14227825.00,0.84,16978311.46,6.09,83.55
Gulf Shores/Orange Beach/Gulf State Park,AL,2005,30.251653,-87.654691,Federal,Emergency,77000.00,7900000.00,30900000.00,0.84,36873508.35,0.00,102.60
Hunting Island,SC,2005,32.362554,-80.441927,State,Unknown,2484.00,87092.00,1666326.00,0.84,1988455.85,19.13,35.06
Martin County,FL,2005,27.256737,-80.196891,Federal,Emergency,21120.00,800000.00,8000000.00,0.84,9546539.38,10.00,37.88
Packery Channel,TX,2005,27.619541,-97.200422,Federal,Unknown,0.00,600000.00,550000.00,0.84,656324.58,0.92,#DIV/0!
Sarasota County: Venice Beach,FL,2005,27.100135,-82.460707,Federal,Emergency,16896.00,1000000.00,16000000.00,0.84,19093078.76,16.00,59.19
Seabrook Island,SC,2005,32.559912,-80.170637,Private,Unknown,0.00,93100.00,149000.00,0.84,177804.30,1.60,#DIV/0!
St. Johns County: St. Augustine Beach,FL,2005,29.823277,-81.262822,Federal,Shore Protection,52800.00,3200000.00,16000000.00,0.84,19093078.76,5.00,60.61
Topsail Island,NC,2005,34.351940,-77.644415,Federal,Emergency,0.00,58000.00,1500000.00,0.84,1789976.13,25.86,#DIV/0!
West of Shinnecock Inlet/Tiana Beach,NY,2005,40.839983,-72.473545,Federal,Shore Protection,4000.00,302590.00,6615385.00,0.84,7894254.18,21.86,75.65
Wrightsville Beach,NC,2005,34.207242,-77.793460,Federal,Emergency,0.00,10000.00,100000.00,0.84,119331.74,10.00,#DIV/0!
Bay County: Panama City Beach,FL,2006,30.176314,-85.807965,Federal,Emergency,89760.00,3200000.00,23500000.00,0.87,27167630.06,7.34,35.65
Brevard County: Mid Reach,FL,2006,28.150865,-80.582657,Federal,Emergency,41184.00,127584.00,4219006.00,0.87,4877463.58,33.07,0.00
Brevard County: Sebastian Inlet (South Beaches),FL,2006,27.859054,-80.446873,Federal,Emergency,70800.00,47770.00,1581000.00,0.87,1827745.66,33.10,0.67
Brigantine,NJ,2006,39.405826,-74.362421,Federal,Shore Protection,9504.00,672000.00,15000000.00,0.87,17341040.46,22.32,70.71
Broward County: Segment II/John U Lloyd State Park,FL,2006,26.071056,-80.110524,Federal,Shore Protection,7920.00,545000.00,13194450.00,0.87,15253699.42,24.21,68.81
Broward County: Segment III/Hollywood/Hallandale,FL,2006,25.997048,-80.116382,Federal,Shore Protection,27456.00,1292600.00,31293846.00,0.87,36177856.65,24.21,47.08
Cape Lookout,NC,2006,34.624174,-76.523986,Federal,Shore Protection,2600.00,75700.00,926000.00,0.87,1070520.23,12.23,29.12
Debidue,SC,2006,33.361942,-79.151065,Private,Unknown,7920.00,600000.00,5600000.00,0.87,6473988.44,9.33,75.76
Edisto Beach,SC,2006,32.477673,-80.336162,State,Unknown,18258.00,875000.00,7700000.00,0.87,8901734.10,8.80,47.92
Edisto Beach State Park,SC,2006,32.540373,-80.23718,State,Unknown,3200.00,181728.00,1593866.00,0.87,1842619.65,8.77,56.79
Emerald Isle Point,NC,2006,34.645027,-77.097867,Federal,Navigation,700.00,80000.00,1034482.00,0.87,1195932.95,12.93,114.29
Holden Beach,NC,2006,33.908890,-78.310204,Federal,Navigation ,0.00,65000.00,840518.00,0.87,971697.11,12.93,#DIV/0!
Hunting Island,SC,2006,32.362554,-80.441927,State,Unknown,7985.00,644222.00,4500000.00,0.87,5202312.14,6.99,80.68
Kiawah Island,SC,2006,32.601693,-80.083047,State,Unknown,0.00,550000.00,3600000.00,0.87,4161849.71,6.55,#DIV/0!
North Topsail Beach,NC,2006,34.524308,-77.347054,Federal,Navigation,0.00,100000.00,1293103.00,0.87,1494916.76,12.93,#DIV/0!
Ocean Isle Beach,NC,2006,33.897454,-78.393888,Federal,Navigation,0.00,45000.00,581898.00,0.87,672714.45,12.93,#DIV/0!
Ocean Isle Beach,NC,2006,33.897454,-78.393888,Federal,Navigation,800.00,48000.00,500000.00,0.87,578034.68,10.42,60.00
Ocean Isle Beach,NC,2006,33.890044,-78.422899,Federal,Shore Protection,6200.00,410000.00,2100000.00,0.87,2427745.66,5.12,66.13
Pinellas County: Mullet Key,FL,2006,27.617654,-82.72306,Federal,Navigation,2500.00,200000.00,236000.00,0.87,272832.37,1.18,80.00
Pinellas County: Sand Key/Clearwater to North Redington Beach,FL,2006,27.93997,-82.83965,Federal,Shore Protection,47520.00,1700000.00,45000000.00,0.87,52023121.39,26.47,35.77
Wrightsville Beach,NC,2006,34.207242,-77.793460,Federal,Shore Protection,15000.00,500000.00,7260000.00,0.87,8393063.58,14.52,33.33
Atlantic Beach/Fort Macon,NC,2007,34.694626,-76.705685,Federal,Navigation,2000.00,184828.00,5344000.00,0.89,6004494.38,28.91,92.41
Bald Head Island,NC,2007,33.855876,-77.999067,Federal,Navigation,16000.00,1200000.00,8780000.00,0.89,9865168.54,7.32,75.00
Cape May Inlet to Lower Township,NJ,2007,38.941653,-74.883331,Federal,Shore Protection,0.00,230000.00,3995500.00,0.89,4489325.84,17.37,#DIV/0!
Carolina Beach,NC,2007,34.038772,-77.888904,Federal,Shore Protection,5280.00,532250.00,3000000.00,0.89,3370786.52,5.64,100.80
Emerald Isle,NC,2007,34.658308,-77.041197,Federal,Emergency,27663.00,569160.00,6568992.40,0.89,7380890.34,11.54,20.57
Folly Beach,SC,2007,32.654263,-79.939721,Federal,Emergency,10032.00,485000.00,8185024.00,0.89,9196656.18,16.88,48.35
Fort Macon,NC,2007,34.693603,-76.686759,Federal,Navigation,2000.00,211000.00,1184500.00,0.89,1330898.88,5.61,105.50
Harrison County,MS,2007,30.385167,-89.012775,Local,Shore Protection,141000.00,1100000.00,6000000.00,0.89,6741573.03,5.45,7.80
Hilton Head,SC,2007,32.236644,-80.677092,Local,Unknown,45500.00,2700000.00,19000000.00,0.89,21348314.61,7.04,59.34
Indian Beach/Salter Path,NC,2007,34.686551,-76.895218,Federal,Emergency,13389.00,298604.00,3893193.56,0.89,4374374.79,13.04,22.30
Kure Beach,NC,2007,33.995750,-77.906199,Federal,Shore Protection,4224.00,262790.00,3100000.00,0.89,3483146.07,11.80,62.21
Long Beach Island: Surf City,NJ,2007,39.625788,-74.194107,Federal,Shore Protection,8100.00,880000.00,71000000.00,0.89,79775280.90,80.68,108.64
Ocean Isle Beach,NC,2007,33.890044,-78.422899,Local,Shore Protection,2700.00,135000.00,650000.00,0.89,730337.08,4.81,50.00
Pawley's Island,SC,2007,33.432811,-79.119024,Local,Emergency,3000.00,40000.00,426912.00,0.89,479676.40,10.67,13.33
Pine Knoll Shores,NC,2007,34.693921,-76.818552,Federal,Emergency,13615.00,112555.00,3311582.44,0.89,3720879.15,29.42,8.27
Pine Knoll Shores,NC,2007,34.693921,-76.818552,Federal,Navigation,21120.00,920000.00,10326000.00,0.89,11602247.19,11.22,43.56
Arcadian Shores,SC,2008,33.768957,-78.771844,Local,Unknown,6400.00,331574.00,4097223.00,0.92,4434224.03,12.36,51.81
Bethany/South Bethany Beach,DE,2008,38.539808,-75.053873,Federal,Shore Protection,14950.00,3800000.00,27700000.00,0.92,29978354.98,7.29,254.18
Brevard County: Mid Reach,FL,2008,28.150865,-80.582657,State,Emergency,41184.00,95777.00,2266715.00,0.92,2453154.76,23.67,2.33
Brevard County: Sebastian Inlet (South Beaches),FL,2008,27.859054,-80.446873,State,Emergency,70800.00,30948.00,733285.00,0.92,793598.48,23.69,0.44
Garden City Beach,SC,2008,33.581876,-78.993073,Federal,Shore Protection,40650.00,857633.00,10448954.00,0.92,11308391.77,12.18,21.10
Isle of Palms,SC,2008,32.797556,-79.753962,Local,Unknown,10200.00,933895.00,10600000.00,0.92,11471861.47,11.35,91.56
North Myrtle Beach,SC,2008,33.814998,-78.679404,Federal,Unknown,45400.00,902725.00,9554008.00,0.92,10339835.50,10.58,19.88
Pinellas County: Honeymoon Island,FL,2008,28.069633,-82.835004,State,Shore Protection,2600.00,140000.00,2000000.00,0.92,2164502.16,14.29,53.85
Block Island Harbor,RI,2009,41.184759,-71.566443,Federal,Navigation,0.00,7674.00,111471.00,0.92,121032.57,14.53,#DIV/0!
Brevard County: Mid Reach,FL,2009,28.150865,-80.582657,Federal,Emergency,41184.00,91822.00,2222613.00,0.92,2413260.59,24.21,2.23
Brevard County: Sebastian Inlet (South Beaches),FL,2009,27.859054,-80.446873,Federal,Emergency,70800.00,69132.00,1673387.00,0.92,1816924.00,24.21,0.98
Cape May Inlet to Lower Township,NJ,2009,38.941653,-74.883331,Federal,Shore Protection,4500.00,375000.00,4125000.00,0.92,4478827.36,11.00,83.33
Cape May Inlet to Lower Township,NJ,2009,38.941653,-74.883331,Federal,Shore Protection,4400.00,425000.00,3375000.00,0.92,3664495.11,7.94,96.59
Caswell Beach,NC,2009,33.896008,-78.051102,Federal,Navigation,0.00,1090000.00,13400000.00,0.92,14549402.82,12.29,#DIV/0!
East Grand Terre Island (BA-30),LA,2009,39.249936,-74.608426,State,Ecosystem Restoration,14784.00,3300000.00,25400000.00,0.92,27578718.78,7.70,223.21
Great Salt Pond,RI,2009,41.223407,-71.576958,Federal,Navigation,0.00,30316.00,222283.00,0.92,241349.62,7.33,#DIV/0!
Gulf County: Cape San Blas/St. Joseph Peninsula Beach,FL,2009,29.718023,-85.38866,Local,Shore Protection,39600.00,3600000.00,22000000.00,0.92,23887079.26,6.11,90.91
Holden Beach,NC,2009,33.908890,-78.310204,Federal,Emergency,21120.00,192000.00,2225271.00,0.92,2416146.58,11.59,9.09
Ludlum Beach Island: Sea Isle City,NJ,2009,39.141178,-74.69975,State,Unknown,6500.00,216630.00,1987684.00,0.92,2158180.24,9.18,33.33
Ludlum Beach Island: Sea Isle City,NJ,2009,39.141178,-74.69975,State,Unknown,3500.00,178167.00,1626286.00,0.92,1765782.84,9.13,50.90
Ludlum Beach Island: Strathmere,NJ,2009,39.194613,-74.657435,State,Shore Protection,10258.00,891000.00,6026820.33,0.92,6543778.86,6.76,86.86
Monmouth Beach,NJ,2009,40.335357,-73.973708,Federal,Navigation,1200.00,60000.00,2550000.00,0.92,2768729.64,42.50,50.00
Myrtle Beach,SC,2009,33.687161,-78.883097,Federal,Shore Protection,48780.00,1497975.00,17612822.00,0.92,19123585.23,11.76,30.71
North Wildwood,NJ,2009,38.993906,-74.794164,State,Unknown,0.00,1186400.00,10640526.00,0.92,11553231.27,8.97,#DIV/0!
Pass Chaland to Grand Bayou Pass (BA-35),LA,2009,29.299363,-89.701819,Federal,Ecosystem Restoration,14256.00,2000000.00,40700000.00,0.92,44191096.63,20.35,140.29
Sandy Hook to Barnegat Inlet: Long Branch,NJ,2009,40.303225,-73.978014,Federal,Shore Protection,3000.00,700000.00,18539000.00,0.92,20129207.38,26.48,233.33
Stone Harbor,NJ,2009,39.050752,-74.756134,Federal,Emergency,3700.00,319670.00,1500000.00,0.92,1628664.50,4.69,86.40
Westhampton Beach,NY,2009,40.794643,-72.639198,Federal,Shore Protection,15000.00,1035000.00,14615385.00,0.92,15869039.09,14.12,69.00
Avalon,NJ,2010,39.098428,-74.711459,Federal,Emergency,2200.00,500000.00,4500000.00,0.94,4807692.31,9.00,227.27
Bald Head Island,NC,2010,33.855876,-77.999067,Local,Shore Protection,16200.00,1800000.00,17000000.00,0.94,18162393.16,9.44,111.11
Brevard County: South Reach/Indialantic,FL,2010,28.080008,-80.560856,Federal,Shore Protection,20064.00,630000.00,12400000.00,0.94,13247863.25,19.68,31.40
Carolina Beach,NC,2010,34.038772,-77.888904,Federal,Shore Protection,0.00,690000.00,4278185.00,0.94,4570710.47,6.20,0.00
Emerald Isle Point,NC,2010,34.645027,-77.097867,Federal,Navigation,700.00,74000.00,757782.00,0.94,809596.15,10.24,105.71
Grand Isle,LA,2010,29.235874,-89.986632,Federal,Shore Protection,38544.00,450000.00,50000000.00,0.94,53418803.42,0.00,11.67
Indian River County: Ambersand Beach,FL,2010,27.835129,-80.43417,State,Unknown,0.00,267182.00,4184070.12,0.94,4470160.38,15.66,0.00
Kure Beach,NC,2010,33.995750,-77.906199,Federal,Shore Protection,0.00,450000.00,4694483.00,0.94,5015473.29,10.43,0.00
Long Beach Island: Beach Haven,NJ,2010,39.557398,-74.239254,State,Unknown,390.00,2000.00,471999.50,0.94,504272.97,236.00,5.13
Long Beach Island: Harvey Cedars,NJ,2010,39.705998,-74.132245,Federal,Shore Protection,9700.00,3000000.00,25000000.00,0.94,26709401.71,8.33,309.28
Ludlum Beach Island: Sea Isle City,NJ,2010,39.141178,-74.69975,State,Unknown,5500.00,700000.00,6000000.00,0.94,6410256.41,8.57,127.27
Masonboro Island,NC,2010,34.160540,-77.829380,Federal,Navigation,0.00,580000.00,7785000.00,0.94,8317307.69,13.42,0.00
Ocean City,NJ,2010,39.264158,-74.589958,Federal,Shore Protection,9500.00,1400000.00,13824000.00,0.94,14769230.77,9.87,147.37
Ocean Isle Beach,NC,2010,33.890044,-78.422899,Federal,Shore Protection,0.00,509200.00,5012525.00,0.94,5355261.75,9.84,0.00
Palm Beach County: Juno Beach,FL,2010,26.879895,-80.052459,State,Unknown,12672.00,926000.00,10534028.45,0.94,11254303.90,11.38,73.07
Pascagoula,MS,2010,30.343241,-88.544075,Federal,Emergency,7700.00,290000.00,12000000.00,0.94,12820512.82,41.38,37.66
Pinellas County: Long Key/Upham Beach,FL,2010,27.736415,-82.753655,Federal,Navigation,3696.00,200000.00,1730000.00,0.94,1848290.60,8.65,54.11
Pinellas County: Treasure Island/Sunset Beach,FL,2010,27.749268,-82.762831,Federal,Navigation,4000.00,125423.00,1750000.00,0.94,1869658.12,13.95,31.36
Pinellas County: Treasure Island/Sunshine Beach,FL,2010,27.773736,-82.778607,Federal,Navigation,3000.00,127260.00,1750000.00,0.94,1869658.12,13.75,42.42
Topsail Island,NC,2010,34.351940,-77.644415,Local,Shore Protection,25000.00,1000000.00,10250000.00,0.94,10950854.70,10.25,40.00
Wrightsville Beach,NC,2010,34.207242,-77.793460,Federal,Navigation,0.00,451000.00,2402515.00,0.94,2566789.53,5.33,#DIV/0!
Absecon Island: Atlantic City,NJ,2011,39.357595,-74.421816,Federal,Emergency,3600.00,1003000.00,7658450.00,0.97,7928002.07,7.64,278.61
Absecon Island: Ventnor,NJ,2011,39.337484,-74.475292,Federal,Emergency,3400.00,175000.00,2667550.00,0.97,2761438.92,15.24,51.47
Atlantic Beach/Fort Macon,NC,2011,34.694626,-76.705685,Federal,Navigation,15840.00,1346700.00,12762429.00,0.97,13211624.22,9.48,85.02
Avalon,NJ,2011,39.098428,-74.711459,Federal,Emergency,4475.00,450000.00,9338000.00,0.97,9666666.67,20.75,100.56
Bay County: Panama City Beach,FL,2011,30.176314,-85.807965,Federal,Emergency,42240.00,1400000.00,13300000.00,0.97,13768115.94,9.50,33.14
Bethany/South Bethany Beach,DE,2011,38.539808,-75.053873,Federal,Emergency,10500.00,437000.00,4653751.00,0.97,4817547.62,10.65,41.62
Brigantine,NJ,2011,39.405826,-74.362421,Federal,Emergency,9504.00,175000.00,3020000.00,0.97,3126294.00,17.26,18.41
Cape May Inlet to Lower Township,NJ,2011,38.941653,-74.883331,Federal,Shore Protection,0.00,440000.00,8320000.00,0.97,8612836.44,18.91,#DIV/0!
Chandeleur Islands,LA,2011,29.952555,-88.821087,Private,Ecosystem Restoration,39370.00,5231802.00,220000000.00,0.97,227743271.22,42.05,132.89
Fenwick Island,DE,2011,38.462461,-75.049388,Federal,Emergency,5000.00,282000.00,3349207.00,0.97,3467087.99,11.88,56.40
Lee County: Fort Myers Beach,FL,2011,26.4495,-81.948352,State,Unknown,5280.00,315000.00,4000000.00,0.97,4140786.75,12.70,59.66
Long Beach Island: Surf City,NJ,2011,39.625788,-74.194107,Federal,Emergency,3500.00,300000.00,6048000.00,0.97,6260869.57,20.16,85.71
Lower Cape May Meadows  Cape May Point,NJ,2011,38.931038,-74.9581,Federal,Shore Protection,7000.00,300000.00,9400000.00,0.97,9730848.86,31.33,42.86
Nags Head,NC,2011,35.908692,-75.594907,Local,Shore Protection,52800.00,4600000.00,36000000.00,0.97,37267080.75,7.83,87.12
Ocean City   ,MD,2011,38.38392,-75.06237,Federal,Shore Protection,43824.00,800000.00,7970500.00,0.97,8251035.20,9.96,18.25
Orchard Beach,NY,2011,40.86626,-73.793174,Federal,Shore Protection,5280.00,268000.00,6000000.00,0.97,6211180.12,22.39,50.76
Stone Harbor,NJ,2011,39.050752,-74.756134,Federal,Emergency,11200.00,580000.00,9338000.00,0.97,9666666.67,16.10,51.79
Absecon Island: Atlantic City,NJ,2012,39.357595,-74.421816,Federal,Shore Protection,0.00,1325000.00,21015965.00,0.99,21314366.13,15.86,#DIV/0!
Absecon Island: Ventnor,NJ,2012,39.337484,-74.475292,Federal,Shore Protection,0.00,325000.00,6830187.00,0.99,6927167.34,21.02,#DIV/0!
Bethany/South Bethany Beach,DE,2012,38.539808,-75.053873,Federal,Shore Protection,10500.00,1159000.00,11426808.00,0.99,11589054.77,9.86,110.38
Cape May Inlet to Lower Township,NJ,2012,38.941653,-74.883331,Federal,Shore Protection,13471.00,770000.00,9000000.00,0.99,9127789.05,11.69,57.16
Fenwick Island,DE,2012,38.462461,-75.049388,Federal,Shore Protection,5000.00,50000.00,285000.00,0.99,289046.65,5.70,10.00
Hilton Head,SC,2012,32.236644,-80.677092,Local,Unknown,5280.00,1134000.00,9800000.00,0.99,9939148.07,8.64,214.77
Lewes Beach,DE,2012,38.785519,-75.147815,Federal,Shore Protection,1500.00,111757.00,3346056.00,0.99,3393565.92,29.94,74.50
Long Beach Island: Brant Beach,NJ,2012,39.620367,-74.194772,Federal,Shore Protection,5400.00,1250000.00,16700000.00,0.99,16937119.68,13.36,231.48
Ludlum Beach Island: Sea Isle City,NJ,2012,39.141178,-74.69975,Federal,Emergency,14750.00,394797.00,5000000.00,0.99,5070993.91,12.66,26.77
Ludlum Beach Island: Strathmere,NJ,2012,39.194613,-74.657435,Federal,Emergency,2400.00,450000.00,4200000.00,0.99,4259634.89,9.33,187.50
Pinellas County: Sand Key/Clearwater to North Redington Beach,FL,2012,27.93997,-82.83965,Federal,Shore Protection,45936.00,1300000.00,31500000.00,0.87,36416184.97,24.23,28.30
Plumb Beach,NY,2012,40.583648,-73.927345,Federal,Emergency,1000.00,127000.00,3500000.00,0.99,3549695.74,27.56,127.00
Port Monmouth,NJ,2012,40.4395,-74.093714,Federal,Shore Protection,0.00,800000.00,12900000.00,0.99,13083164.30,16.13,#DIV/0!
Rehoboth Beach/Dewey Beach,DE,2012,38.69298,-75.07179,Federal,Emergency,10452.00,311000.00,4772500.00,0.99,4840263.69,15.35,29.76
Rehoboth Beach/Dewey Beach,DE,2012,38.69298,-75.07179,Federal,Shore Protection,10452.00,722000.00,11134900.00,0.99,11293002.03,15.42,69.08
Sandy Hook to Barnegat Inlet: Monmouth Beach,NJ,2012,40.335357,-73.973708,Federal,Shore Protection,5000.00,800000.00,18461538.00,0.99,18723669.37,23.08,160.00
St. Johns County: St. Augustine Beach,FL,2012,29.823277,-81.262822,Federal,Shore Protection,12144.00,2100000.00,14000000.00,0.84,16706443.91,6.67,172.92
West Belle Pass Barrier Headland Restoration (TE-52),LA,2012,29.092791,-90.243113,Federal,Ecosystem Restoration,9300.00,2800000.00,42200000.00,0.99,42799188.64,15.07,301.08
West Ship Island,MS,2012,30.211979,-88.973508,Federal,Shore Protection,10350.00,565000.00,6000000.00,0.99,6085192.70,10.62,54.59
Absecon Island: Atlantic City,NJ,2013,39.357595,-74.421816,Federal,Emergency,,760000.00,11273117.00,1.00,11273117.00,14.83,#DIV/0!
Avalon,NJ,2013,39.098428,-74.711459,Federal,Emergency,5000.00,75000.00,2150543.00,1.00,2150543.00,28.67,15.00
Avalon,NJ,2013,39.098428,-74.711459,Federal,Emergency,,46359.00,418984.20,1.00,418984.20,9.04,#DIV/0!
Bald Head Island,NC,2013,33.855876,-77.999067,Federal,Navigation,12000.00,1800000.00,15234166.00,1.00,15234166.00,8.46,150.00
Bethany/South Bethany Beach,DE,2013,38.539808,-75.053873,Federal,Emergency,11000.00,476000.00,6662452.00,1.00,6662452.00,14.00,43.27
Brigantine,NJ,2013,39.405826,-74.362421,Federal,Emergency,9504.00,667000.00,4500000.00,1.00,4500000.00,6.75,70.18
Brigantine,NJ,2013,39.405826,-74.362421,Federal,Emergency,,90000.00,1377551.00,1.00,1377551.00,15.31,#DIV/0!
Carolina Beach,NC,2013,34.038772,-77.888904,Federal,Shore Protection,14256.00,900000.00,5291166.00,1.00,5291166.00,5.88,63.13
Coney Island,NY,2013,40.572843,-73.978114,Federal,Emergency,4000.00,600000.00,7229450.00,1.00,7229450.00,12.05,150.00
Emerald Isle,NC,2013,34.658308,-77.041197,Federal,Emergency,21989.00,157073.00,3727022.00,1.00,3727022.00,23.73,7.14
Emerald Isle,NC,2013,34.658308,-77.041197,Local,Shore Protection,21989.00,472230.00,4294619.00,1.00,4294619.00,9.09,21.48
Fenwick Island,DE,2013,38.462461,-75.049388,Federal,Emergency,6500.00,389000.00,4474575.00,1.00,4474575.00,11.50,59.85
Figure Eight Island - South End,NC,2013,34.252534,-77.758791,Private,Navigation,0.00,300000.00,2178600.00,1.00,2178600.00,7.26,#DIV/0!
Folly Beach Spit,SC,2013,32.6504324,-79.96338,State,Unknown,1950.00,415000.00,3000000.00,1.00,3000000.00,7.23,212.82
Gilgo Beach,NY,2013,40.617373,-73.397169,Federal,Emergency,0.00,1200000.00,15258000.00,1.00,15258000.00,12.72,#DIV/0!
Gulf Shores/Orange Beach/Gulf State Park,AL,2013,30.251653,-87.654691,Federal,Emergency,77000.00,2200000.00,16000000.00,1.00,16000000.00,7.27,28.57
Kure Beach,NC,2013,33.995750,-77.906199,Federal,Shore Protection,18005.00,432000.00,5717216.00,1.00,5717216.00,13.23,23.99
Lower Cape May Meadows  Cape May Point,NJ,2013,38.931038,-74.9581,Federal,Shore Protection,7000.00,300000.00,7497000.00,1.00,7497000.00,24.99,42.86
North Indian River Inlet,DE,2013,38.606274,-75.061169,Federal,Emergency,,521000.00,6589500.00,1.00,6589500.00,12.65,#DIV/0!
North Topsail Beach,NC,2013,34.524308,-77.347054,Local,Shore Protection,7700.00,566000.00,5711260.00,1.00,5711260.00,10.09,73.51
Ocean City,MD,2013,38.38392,-75.06237,Federal,Emergency,,850000.00,14295950.00,1.00,14295950.00,16.82,#DIV/0!
Ocean City,NJ,2013,39.264158,-74.589958,Federal,Emergency,,746200.00,5467700.00,1.00,5467700.00,7.33,#DIV/0!
Ocean City,NJ,2013,39.264158,-74.589958,Federal,Shore Protection,12144.00,1000000.00,11993000.00,1.00,11993000.00,11.99,82.35
Ocean City,NJ,2013,39.264158,-74.589958,Local,Shore Protection,4487.00,90000.00,1100000.00,1.00,1100000.00,12.22,20.06
Ocean Parkway,NY,2013,40.604912,-73.450177,Federal,Emergency,,800000.00,32200000.00,1.00,32200000.00,40.25,0.00
Pea Island,NC,2013,35.727144,-75.496674,Federal,Emergency,0.00,616448.00,7000000.00,1.00,7000000.00,11.36,0.00
Pine Knoll Shores,NC,2013,34.693921,-76.818552,Federal,Emergency,12905.00,112555.00,3195032.00,1.00,3195032.00,28.39,8.72
Pine Knoll Shores,NC,2013,34.693921,-76.818552,Local,Shore Protection,12905.00,171313.00,3395648.00,1.00,3395648.00,19.82,13.27
Pinellas County: Honeymoon Island,FL,2013,28.069633,-82.835004,State,Shore Protection,1750.00,150000.00,2380000.00,1.00,2380000.00,15.87,85.71
Point Lookout/Jones Inlet,NY,2013,40.585783,-73.581533,Federal,Emergency,,636050.00,9646550.00,1.00,9646550.00,15.17,#DIV/0!
Rehoboth Beach/Dewey Beach,DE,2013,38.69298,-75.07179,Federal,Emergency,13200.00,455000.00,8215038.00,1.00,8215038.00,18.06,34.47
Robert Moses State Park,NY,2013,40.620728,-73.280182,State,Emergency,33000.00,605000.00,7700000.00,1.00,7700000.00,12.73,18.33
Rockaway Beach,NY,2013,40.585221,-73.806914,Federal,Emergency,,3700000.00,36498150.00,1.00,36498150.00,9.86,#DIV/0!
Sandbridge,VA,2013,36.745865,-75.943615,Federal,Emergency,,134850.00,809100.00,1.00,809100.00,6.00,#DIV/0!
Sandbridge,VA,2013,36.745865,-75.943615,Local,Shore Protection,26400.00,2000000.00,15475000.00,1.00,15475000.00,7.74,75.76
Sandy Hook to Barnegat Inlet: Sea Bright to Monmouth,NJ,2013,40.346152,-73.973207,Federal,Emergency,,2460000.00,25590800.00,1.00,25590800.00,10.40,
Stone Harbor,NJ,2013,39.050752,-74.756134,Federal,Emergency,,265000.00,3121700.00,1.00,3121700.00,11.78,#DIV/0!
Stone Harbor,NJ,2013,39.050752,-74.756134,Federal,Emergency,8750.00,100000.00,2440250.00,1.00,2440250.00,24.40,11.43
Virginia Beach,VA,2013,36.853733,-75.975094,Federal,Emergency,,190250.00,2117482.00,1.00,2117482.00,11.13,#DIV/0!
Virginia Beach,VA,2013,36.853733,-75.975094,Federal,Shore Protection,18843.00,1250000.00,12050000.00,1.00,12050000.00,9.64,66.34
West of Shinnecock Inlet/Tiana Beach,NY,2013,40.839983,-72.473545,Federal,Emergency,,450000.00,6875000.00,1.00,6875000.00,15.28,#DIV/0!
Absecon Island: Ventnor,NJ,2014,39.337484,-74.475292,Federal,Emergency,,340000.00,6061143.00,1.00,6061143.00,17.83,#DIV/0!
Atlantic Beach/Fort Macon,NC,2014,34.694626,-76.705685,Federal,Navigation,95400.00,1107585.00,9415774.00,1.00,9415774.00,8.50,11.61
Brevard County: North Reach,FL,2014,28.36784,-80.602083,Federal,Emergency,36960.00,972410.00,11920206.75,1.00,11920206.75,12.26,26.31
Brevard County: Sebastian Inlet (South Beaches),FL,2014,27.859054,-80.446873,Federal,Emergency,70800.00,47248.00,1673387.00,1.00,1673387.00,35.42,0.67
Brevard County: South Reach/Indialantic,FL,2014,28.080008,-80.560856,Federal,Emergency,17424.00,692418.00,11212164.23,1.00,11212164.23,16.19,39.74
Broward County: Segment II/Pompano Beach/Lauderdale by the Sea,FL,2014,26.215015,-80.090772,Federal,Shore Protection,26928.00,126700.00,7070370.00,1.00,7070370.00,55.80,4.71
Caminada Headland Beach and Dune Restoration (BA-45),LA,2014,29.107744,-90.181436,Private,Ecosystem Restoration,31680.00,3300000.00,70700000.00,1.00,70700000.00,21.42,104.17
Caminada Headland Beach and Dune Restoration Phase 2 (BA-143),LA,2014,29.162958,-90.09695,Private,Ecosystem Restoration,36960.00,5400000.00,145700000.00,1.00,145700000.00,26.98,146.10
Cape May Inlet to Lower Township,NJ,2014,38.941653,-74.883331,Federal,Emergency,,585000.00,9744500.00,1.00,9744500.00,16.66,#DIV/0!
Folly Beach,SC,2014,32.654263,-79.939721,Federal,Shore Protection,28192.00,1500000.00,30700000.00,1.00,30700000.00,20.47,53.21
Keansburg,NJ,2014,40.449103,-74.121923,Federal,Emergency,,875000.00,36900000.00,1.00,36900000.00,42.17,#DIV/0!
Long Beach Island: Brant Beach,NJ,2014,39.620367,-74.194772,Federal,Emergency,,1060000.00,10894006.00,1.00,10894006.00,10.28,#DIV/0!
Long Beach Island: Harvey Cedars,NJ,2014,39.705998,-74.132245,Federal,Emergency,,1515000.00,14340046.00,1.00,14340046.00,9.47,#DIV/0!
Long Beach Island: Surf City,NJ,2014,39.625788,-74.194107,Federal,Emergency,,415000.00,5350858.00,1.00,5350858.00,12.89,#DIV/0!
Manatee County: Anna Maria Key,FL,2014,27.487539,-82.707858,Federal,Emergency,24816.00,1200000.00,12421492.00,1.00,12421492.00,10.35,48.36
Manatee County: Anna Maria Key/Coquina Beach,FL,2014,27.450228,-82.693127,County,Emergency,7920.00,265000.00,5700000.00,1.00,5700000.00,21.51,33.46
Mecox Beach,NY,2014,40.891845,-72.328148,Local,Unknown,31680.00,2000000.00,25000000.00,1.00,25000000.00,12.50,63.13
Palm Beach County: Ocean Ridge,FL,2014,26.527031,-80.047288,Federal,Unknown,5808.00,550000.00,10838850.00,1.00,10838850.00,19.71,0.00
Pea Island/Rodanthe,NC,2014,35.6136277,-75.4662466,Federal,Emergency,11250.00,1620000.00,20300000.00,1.00,20300000.00,12.53,144.00
Pinellas County: Long Key/Pass-A-Grille,FL,2014,27.692449,-82.737851,Federal,Emergency,5280.00,140053.00,2003565.50,1.00,2003565.50,14.31,26.53
Pinellas County: Long Key/Upham Beach,FL,2014,27.736415,-82.753655,Federal,Emergency,2600.00,156748.00,3354934.50,1.00,3354934.50,21.40,60.29
Pinellas County: Treasure Island/Sunset Beach,FL,2014,27.749268,-82.762831,Federal,Emergency,7200.00,232407.00,8404496.00,1.00,8404496.00,36.16,32.28
Pinellas County: Treasure Island/Sunshine Beach,FL,2014,27.773736,-82.778607,Federal,Emergency,2000.00,66892.00,2419000.00,1.00,2419000.00,36.16,33.45
Sandy Hook to Barnegat Inlet: Asbury Park,NJ,2014,40.210737,-74.002733,Federal,Emergency,,1200000.00,18300000.00,1.00,18300000.00,15.25,
Sandy Hook to Barnegat Inlet: Belmar - Manasquan,NJ,2014,40.150144,-74.022303,Federal,Emergency,,1500000.00,25300000.00,1.00,25300000.00,16.87,
Sandy Hook to Barnegat Inlet: Long Branch,NJ,2014,40.303225,-73.978014,Federal,Emergency,,3303000.00,40067500.00,1.00,40067500.00,12.13,
Southold,NY,2014,41.019982,-72.54879,Federal,Navigation,0.00,100000.00,2200000.00,1.00,2200000.00,22.00,#DIV/0!
Westhampton Beach,NY,2014,40.794643,-72.639198,Federal,Emergency,,1008000.00,14234275.00,1.00,14234275.00,14.12,#DIV/0!
Wrightsville Beach,NC,2014,34.207242,-77.793460,Federal,Shore Protection,7202.00,775000.00,9700000.00,1.00,9700000.00,12.52,107.61